y,x,sector,init_beta,half_life,pvalue
BA,TXN,UNKNOWN,-0.9301491861378173,7,0.0007126270751346726
