y,x,sector,init_beta,half_life,pvalue
PAYX,ADP,Diversified Commercial Services,0.4082475663968292,4,0.0006208624980487138
GOOGL,GOOG,Computer Software,0.9936028748184543,2,0.020718246558445168
